PRJ-PROJ-VBUKR-S,PRJ-PROJ-CLIENT-S,PRJ-PROJ-ZZ_OLD_PROJ_NO-S,PRJ-PROJ-ZZ_ENC_TYPE-S,PRJ-PRPS-PBUKR-S,PRJ-PRPS-PKOKR-S,PRJ-PRPS-PRART-S,PRJ-PRPS-FKSTL-S,PRJ-PRPS-KOSTL-S,PRJ-PRPS-ZZOLDWBSNUM-S,PRJ-PRPS-ZZRECFLAG-S,PRJ-PRPS-ZZCNFEEFLG-S,PRJ-PRPS-ZZ_ENG_RISK_RATING-S,PRJ-PRPS-ZZ_ENG_IND-S,PRJ-PRPS-ZZ_CLIENT-S,PRJ-PRPS-ZZ_XYZ_SWEEP-S,PRJ-PRPS-ZZ_XYZ_WBSCLEAR-S,PRJ-PRPS-ZZ_ENC_TYPE-S,PRJ-PRPS-ZZCRMOPP-S,PRJ-ZTCTC_PROJ_GLB-VBUKR-S,FIN-/CPD/D_MP_HDR-CUSTOMER-C,FIN-/CPD/D_MP_HDR-ORG_ID-C,FIN-/CPD/D_MP_HDR-COUNTRY-C,FIN-/CPD/D_MP_MEMBER-EMPLOYEE_ID-C,FIN-/CPD/D_MP_MEMBER-ROLE_ID-C,FIN-/CPD/D_MP_HDR-ZZBUSINESS-C,FIN-/CPD/D_MP_HDR-ZZMEM_FIRM-C,Y3,Z3,Z4,Z6,Z1,Z2,Z8,Z9
8221,1126825,BLANK_VALUES,BLANK_VALUES,8221,2000,CE,822100009,BLANK_VALUES,BLANK_VALUES,BLANK_VALUES,BLANK_VALUES,0,8100,1126825,BLANK_VALUES,0,BLANK_VALUES,JP_DUMMY-0001,8221,1126825,Z008,NZ,3000033,Z013,AA,APC,1126825,12110445,12110445,12110445,12110445.0,12110445.0,1126825,1126825
8221,1452400,BLANK_VALUES,BLANK_VALUES,8221,2000,CE,822100002,BLANK_VALUES,BLANK_VALUES,BLANK_VALUES,BLANK_VALUES,0,6351,1452400,BLANK_VALUES,0,BLANK_VALUES,JP_DUMMY-00022,8221,1452400,Z008,JP,12000008,Z018,AA,APC,1452400,12000008,12000008,12000008,12000008.0,12000008.0,1452400,1452400
8221,1452400,BLANK_VALUES,BLANK_VALUES,8221,2000,CE,822100002,BLANK_VALUES,BLANK_VALUES,BLANK_VALUES,BLANK_VALUES,0,6080,1452400,BLANK_VALUES,0,BLANK_VALUES,JP_DUMMY-00023,8221,1101617,Z002,JP,12000008,Z013,CO,APC,1452400,12000008,12000008,12000008,12000008.0,12000008.0,1452400,1452400
8221,1126825,BLANK_VALUES,BLANK_VALUES,8221,2000,CE,822100009,BLANK_VALUES,BLANK_VALUES,BLANK_VALUES,BLANK_VALUES,0,8100,1126825,BLANK_VALUES,0,BLANK_VALUES,JP_DUMMY-0001,8221,1126825,Z008,NZ,3000033,Z018,AA,APC,1126825,12110445,12110445,12110445,12110445.0,12110445.0,1126825,1126825
8221,1452400,BLANK_VALUES,BLANK_VALUES,8221,2000,CE,822100002,BLANK_VALUES,BLANK_VALUES,BLANK_VALUES,BLANK_VALUES,0,6351,1452400,BLANK_VALUES,0,BLANK_VALUES,JP_DUMMY-00022,8221,1452400,Z008,JP,12000008,Z013,AA,APC,1452400,12000008,12000008,12000008,12000008.0,12000008.0,1452400,1452400
